1,1025998,了解三国还是要看看三国志
2,1072258,?也品三国
3,1122550,还我们一个真实的三国
4,1139638,把《三国志》里面最激赏的一段生译出来，与大家共勉
5,1262270,三国志
6,1285577,?《三国志》人物论之 孙权：伟大领袖的变态晚年
7,1303690,?如果有翻译就更好了
8,1372212,三国的悲剧天才：姜维
9,1377833,看完《三国志》小评《三国演义》
10,1388128,看过《三国志》，读懂三国史
11,1413995,看完三国志很讨厌三国演义
12,1513468,【日知S藏目】三志 by xiaosheng
13,1569216,旧话重提：《三国志》里的帅哥们
14,1599552,周瑜家族考证
15,1657649,外婆家柜里的三志
16,1775556,吕伯奢之死：影响中国的精神案件
17,1960895,值得推荐
18,2020799,从刘备的胡子说到拿破仑的痔疮
19,2030312,想读的同学可以来这儿
20,2211921,对刘备、曹操道德评价的古今之变
21,2315526,@周瑜
22,2324138,其实不仅仅是三国
23,2775419,三国（1）
24,2924749,【书行者004】大象无形
25,3042578,曹操真英雄也
26,3143010,女权三国
27,3147702,戏题
28,3197736,jjjhjh
29,3248763,魏书二十三常林一段比较费解
30,3257250,曹冲称象
31,3264614,三国
32,3292737,人固不可以无年
33,3340912,华佗焚书
34,3401557,刘巴一段不解
35,3430531,诸葛亮⒙裕非其所Le？
36,3484615,读《三国志》
37,3520136,虞翻之筮何以得关羽必死？
38,3570913,十年踪迹十年心
39,4545319,好得人感拥娜志注g版本
40,4555330,能找到吗……
41,4596917,一代奇才―魏文长-
42,4890331,羽刚而自矜，飞暴而无恩，以短取败，理数之常
43,4899644,陈宫
44,4926708,《三国志》
45,4940480,奇怪的情结
46,5057267,青州兵
47,5116000,三国志本身
48,5124366,跪求高人指点迷津？三国志后四册是新字形还是旧字形？
49,5233610,读后感
50,5233629,三国志评论
51,5233689,三国志
52,5233691,诸葛亮传
53,5233722,读《三国志》
54,5233810,评论三国志
55,5233829,读《三国志》
56,5235221,不一样的三国
57,5235322,评论三国志
58,5265583,读三国部分章节
59,5269658,英雄巨眼，不其然乎？
60,5295725,忆周郎
61,5414558,可惜身先丧，中原栋梁倾
62,5426853,吴书笔记
63,5559916,h
64,5612523,从孙权予曹操密书看东吴之计
65,5641083,品读三国
66,5710386,女生眼中的三国
67,5710419,真实可感的三国
68,5819416,7:02:01
69,5887725,注意，《三国志》是首先历史，不是文学。
70,6145365,失街亭 谁之过
71,6168511,叙事尤多虚托，文采远不及史迁
72,6648216,三面镜子
73,6655489,最后的回忆:梦与梦想的混淆
74,7103834,观其大略，或务于精熟
75,7223657,《三国志》札记（5）：如何对待昔日老上司？
76,7224010,《三国志》札记：人不如狗
77,7224250,《三国志》札记（7）：以货取位
78,7310129,《先主传》――屡败屡战
79,7405014,陈寿的精微笔法――细读和臆解《三国志》钟离牧传前半部分
80,7495791,说钟会
81,7569189,聊聊三国时期的几位冷门美男子
82,7629914,读陈思王曹植传
83,7631793,三国
84,7638995,姜维：国士无双，顾此失彼
85,7719774,失去敬畏以后
86,7899338,三国志（上下）
87,7939211,《三国志》四论
88,7973925,读每一位人物传记的印象和思考
89,8154372,从陪祀曹操的功臣看现代企业人才
90,8184457,《三国志・董卓传》小札（前半）
91,8319139,三国志初读札记
92,8536440,可能记载的真实的古代
93,8558280,英雄刘备
